Sample Index, EXG Channel 0
0,-4319.0
2,-3645.0
2,-4332.0
2,-3891.0
3,-3862.0
3,-3959.0
3,-4238.0
3,-4319.0
3,123456789.0
7,343.0
7,-336.0
8,-193.0
8,-264.0
9,203.0
9,400.0
9,-209.0
9,-334.0
10,-325.0
10,-236.0
10,-43.0
10,-338.0
10,201.0
11,-302.0
11,-637.0
12,-232.0
13,-465.0
14,-198.0
14,-183.0
15,-364.0
15,-197.0
16,-236.0
16,-195.0
16,-186.0
16,-283.0
17,-430.0
17,-963.0
17,-374.0
18,-443.0
18,-288.0
18,-321.0
18,-400.0
19,7.0
19,-566.0
19,-327.0
19,-234.0
20,-149.0
20,-280.0
20,-721.0
20,-262.0
21,-111.0
21,-366.0
21,-71.0
21,-858.0
22,-257.0
22,94.0
22,-193.0
22,-400.0
22,-661.0
23,-342.0
23,-421.0
23,-418.0
23,191.0
24,-492.0
24,17.0
24,-140.0
24,-221.0
25,106.0
25,-279.0
25,-302.0
26,-33.0
26,-410.0
26,-179.0
26,-606.0
27,23.0
27,-146.0
27,-859.0
27,-330.0
27,-437.0
28,-256.0
28,-43.0
28,-564.0
28,-7.0
28,-432.0
29,-9.0
29,-16.0
29,-241.0
29,-224.0
29,-127.0
29,-22.0
30,-155.0
30,-618.0
30,-381.0
30,-272.0
30,-289.0
31,66.0
31,-245.0
31,-110.0
31,-487.0
31,10.0
32,-67.0
32,-544.0
32,-51.0
32,-494.0
33,-267.0
33,42.0
33,-439.0
34,-376.0
34,11.0
35,-256.0
35,-171.0
35,-462.0
35,-245.0
35,-412.0
36,-241.0
36,-18.0
36,-799.0
36,-272.0
37,-147.0
37,-104.0
37,-17.0
37,-514.0
38,-55.0
38,-6.0
38,-105.0
38,-48.0
39,-295.0
39,-154.0
39,-173.0
39,-276.0
39,273.0
40,-56.0
40,583.0
40,-344.0
40,13.0
41,432.0
41,-73.0
41,430.0
42,125.0
42,190.0
42,621.0
42,64.0
42,133.0
43,-52.0
43,-59.0
43,690.0
43,365.0
44,444.0
44,179.0
44,294.0
44,515.0
44,-84.0
45,211.0
45,216.0
45,301.0
45,764.0
45,-35.0
46,282.0
46,137.0
46,58.0
46,157.0
46,-12.0
47,43.0
47,20.0
47,225.0
47,550.0
47,-43.0
48,404.0
48,209.0
48,540.0
48,443.0
48,166.0
48,585.0
49,642.0
49,287.0
49,542.0
50,295.0
50,852.0
50,233.0
50,70.0
51,587.0
51,-56.0
51,365.0
51,240.0
52,363.0
52,930.0
52,111.0
52,160.0
52,63.0
53,180.0
53,177.0
53,-238.0
53,493.0
54,272.0
54,253.0
54,440.0
54,-109.0
54,634.0
55,535.0
55,60.0
55,723.0
56,212.0
56,545.0
56,210.0
57,281.0
57,454.0
57,121.0
58,542.0
58,723.0
58,340.0
58,569.0
59,22.0
59,297.0
59,-60.0
59,97.0
59,532.0
60,11.0
60,86.0
60,397.0
60,98.0
61,353.0
61,130.0
61,205.0
62,482.0
62,515.0
62,700.0
62,159.0
62,428.0
63,153.0
63,346.0
63,335.0
63,106.0
63,387.0
64,408.0
64,67.0
64,730.0
64,-27.0
64,210.0
65,17.0
65,204.0
65,573.0
65,-250.0
65,149.0
66,-396.0
67,-59.0
68,0.0
69,165.0
70,98.0
70,85.0
71,-132.0
71,169.0
72,-100.0
72,-111.0
72,-62.0
73,55.0
73,516.0
73,-89.0
74,-92.0
74,253.0
74,-26.0
74,253.0
75,-334.0
75,-363.0
76,-132.0
76,-31.0
76,238.0
77,-13.0
77,326.0
77,467.0
77,44.0
78,459.0
78,254.0
78,229.0
78,294.0
78,251.0
79,734.0
79,55.0
79,60.0
79,197.0
79,34.0
80,341.0
80,-50.0
80,93.0
80,514.0
80,47.0
81,240.0
81,-231.0
81,194.0
81,-69.0
81,-272.0
82,137.0
82,-416.0
82,55.0
82,52.0
82,-75.0
83,252.0
83,-253.0
83,136.0
84,-27.0
84,-58.0
84,-215.0
85,-404.0
85,-323.0
85,256.0
85,-209.0
86,-222.0
86,-91.0
86,62.0
86,-131.0
87,-302.0
87,-9.0
87,-572.0
87,103.0
87,246.0
88,-341.0
88,-110.0
88,-575.0
88,-190.0
88,71.0
89,-118.0
89,-25.0
89,-602.0
90,-127.0
90,350.0
90,-457.0
90,52.0
91,-217.0
91,-18.0
91,131.0
91,-348.0
92,63.0
92,-382.0
92,-501.0
92,-290.0
92,-361.0
93,-380.0
93,-281.0
93,-176.0
93,-347.0
94,-478.0
94,-559.0
94,-536.0
94,-493.0
95,-170.0
95,-267.0
95,-332.0
95,-773.0
96,-370.0
96,-213.0
96,-1122.0
96,-491.0
97,-672.0
97,-513.0
97,-226.0
97,-1131.0
97,-780.0
98,-745.0
98,-804.0
98,-615.0
98,-998.0
98,-941.0
99,-1244.0
99,-781.0
99,-922.0
100,-701.0
100,-780.0
100,-865.0
101,-768.0
101,-587.0
101,-734.0
101,-563.0
102,-936.0
102,-567.0
102,-106.0
103,-1133.0
103,-386.0
103,-1075.0
103,-486.0
104,-585.0
104,-678.0
104,-687.0
105,-770.0
105,-1005.0
105,-500.0
105,-859.0
106,-656.0
106,-993.0
106,-822.0
107,-327.0
107,-960.0
107,-703.0
107,-882.0
108,-821.0
108,-344.0
108,-635.0
108,-636.0
109,-485.0
109,-412.0
109,-571.0
109,-734.0
110,-499.0
110,-984.0
110,-781.0
110,-620.0
111,-267.0
111,-840.0
111,-807.0
111,-462.0
112,-545.0
113,-1142.0
113,-885.0
114,-664.0
114,-665.0
114,-602.0
115,-737.0
115,-664.0
115,-637.0
116,-814.0
116,-273.0
116,-906.0
117,-781.0
117,-532.0
117,-543.0
118,-628.0
118,-679.0
118,-664.0
119,-729.0
119,-584.0
119,-661.0
119,-864.0
120,-715.0
120,-704.0
120,-511.0
120,-646.0
121,-911.0
121,-458.0
122,-983.0
122,-648.0
122,-583.0
123,-882.0
123,-1003.0
123,-882.0
123,-833.0
123,-496.0
123,-1125.0
123,-1068.0
125,-859.0
125,-1086.0
125,-861.0
125,-740.0
125,-907.0
125,-526.0
126,-659.0
126,-630.0
126,-803.0
126,-946.0
126,-755.0
127,-1052.0
127,-679.0
127,-1098.0
127,-653.0
127,-768.0
128,-807.0
128,-598.0
128,-1045.0
128,-980.0
128,-745.0
129,-786.0
129,-297.0
129,-830.0
129,-927.0
129,-1054.0
130,-1221.0
130,-1008.0
130,-985.0
130,-946.0
130,-1107.0
131,-1000.0
131,-689.0
131,-1484.0
131,-1227.0
131,-860.0
132,-927.0
132,-316.0
132,-1091.0
132,-1256.0
133,-1157.0
133,-642.0
133,-913.0
133,-902.0
134,-763.0
134,-1062.0
134,-1207.0
135,-1024.0
135,-1411.0
135,-1282.0
136,-1141.0
136,-1112.0
136,-1045.0
136,-1372.0
137,-1069.0
137,-566.0
137,-1449.0
137,-958.0
138,-1465.0
138,-1318.0
138,-1229.0
138,-1376.0
139,-965.0
139,-1648.0
139,-847.0
139,-470.0
139,-937.0
140,-452.0
140,-1103.0
140,-1460.0
140,-1121.0
140,-1298.0
141,-661.0
141,-1334.0
141,-851.0
141,-902.0
142,-1505.0
142,-984.0
142,-1471.0
143,-1068.0
143,-1273.0
143,-1458.0
143,-837.0
143,-1220.0
144,-1005.0
144,-940.0
144,-1349.0
144,-894.0
144,-1325.0
145,-1138.0
145,-901.0
145,-1078.0
145,-745.0
146,-1170.0
146,-895.0
146,-958.0
147,-1507.0
147,-1058.0
147,-1195.0
147,-954.0
147,-1121.0
148,-772.0
148,-1055.0
148,-966.0
148,-701.0
149,-778.0
149,-1089.0
149,-730.0
150,-1143.0
150,-936.0
150,-1359.0
151,-864.0
151,-583.0
152,-1138.0
152,-733.0
152,-610.0
153,-701.0
153,-702.0
153,-949.0
153,-688.0
154,-583.0
154,-1028.0
154,-451.0
155,-1102.0
155,-883.0
155,-620.0
156,-925.0
156,-668.0
156,-1059.0
156,-760.0
157,-857.0
157,-932.0
157,-775.0
157,-944.0
158,-795.0
158,-968.0
158,-1277.0
158,-928.0
159,-1079.0
159,-802.0
160,-815.0
161,-1136.0
161,-1101.0
161,-1156.0
162,-1059.0
162,-1618.0
162,-1327.0
162,-904.0
163,-1155.0
163,-1266.0
163,-1081.0
164,-1766.0
164,-1583.0
164,-1504.0
164,-1005.0
165,-1486.0
165,-1397.0
165,-1056.0
166,-1809.0
166,-1530.0
166,-1233.0
166,-1880.0
167,-1475.0
167,-1738.0
167,-1603.0
168,-1528.0
168,-1803.0
168,-1406.0
169,-1783.0
169,-1722.0
169,-1567.0
170,-1816.0
170,-1515.0
170,-1342.0
170,-1551.0
171,-1122.0
171,-1831.0
171,-1550.0
171,-1589.0
172,-1232.0
172,-1407.0
172,-1788.0
177,-1845.0
189,-2032.0
197,-1857.0
210,-1540.0
218,-1853.0
230,-1370.0
238,-1757.0
251,-1392.0
259,-1225.0
267,-1646.0
279,-1529.0
288,-1818.0
300,-1905.0
308,-1316.0
320,-1545.0
329,-1400.0
341,-2057.0
349,-1782.0
357,-1931.0
369,-1714.0
378,-1665.0
390,-1858.0
398,-1909.0
410,-1222.0
419,-2073.0
427,-1534.0
439,-1559.0
447,-1626.0
460,-1769.0
468,-1670.0
480,-1585.0
488,-1644.0
501,-1577.0
509,-852.0
521,-1431.0
529,-1526.0
541,-1747.0
549,-1754.0
558,-1495.0
570,-2166.0
578,-1681.0
590,-1704.0
599,-1655.0
611,-1776.0
620,-1651.0
632,-1608.0
640,-1861.0
648,-1742.0
660,-1371.0
669,-1910.0
681,-1101.0
689,-1676.0
701,-1915.0
710,-1446.0
722,-1841.0
730,-1574.0
739,-1973.0
751,-1558.0
759,-1275.0
771,-1528.0
779,-1747.0
791,-2078.0
799,-1555.0
812,-998.0
820,-1729.0
828,-1542.0
841,-1673.0
849,-1956.0
861,-2047.0
870,-2148.0
882,-1881.0
890,-1552.0
898,-1505.0
911,-1374.0
919,-1965.0
931,-1328.0
939,-1591.0
951,-1582.0
960,-1271.0
972,-1642.0
980,-1431.0
988,-2150.0
1001,-1607.0
1009,-1678.0
1021,-1771.0
1029,-1560.0
1041,-1783.0
1050,-1700.0
1062,-1563.0
1070,-2018.0
1078,-2099.0
1091,-2012.0
1099,-1595.0
1111,-1658.0
1119,-1801.0
1132,-1748.0
1140,-1817.0
1152,-1582.0
1160,-1593.0
1169,-2052.0
1181,-2163.0
1189,-2436.0
1201,-1905.0
1210,-1824.0
1222,-2451.0
1230,-2104.0
1242,-2073.0
1250,-2210.0
1263,-2363.0
1271,-2584.0
1283,-2217.0
1291,-2578.0
1300,-2545.0
1312,-2092.0
1320,-2281.0
1332,-2038.0
1341,-2537.0
1353,-2764.0
1361,-2439.0
1369,-2854.0
1382,-2613.0
1390,-2346.0
1402,-2697.0
1410,-2334.0
1422,-2413.0
1431,-2372.0
1443,-2467.0
1451,-2578.0
1459,-2355.0
1472,-2630.0
1480,-2551.0
1492,-2592.0
1500,-2591.0
1512,-2144.0
1521,-2641.0
1533,-2818.0
1541,-2535.0
1549,-2794.0
1562,-2047.0
1570,-2528.0
1582,-2359.0
1590,-2520.0
1603,-2417.0
1611,-2054.0
1623,-2469.0
1631,-2462.0
1640,-2635.0
1652,-2936.0
1660,-2473.0
1672,-2752.0
1680,-2575.0
1693,-2708.0
1701,-2515.0
1709,-2470.0
1721,-2763.0
1730,-2582.0
1742,-3009.0
1750,-2684.0
1761,-2337.0
1771,-2650.0
1783,-2371.0
1791,-2434.0
1799,-2807.0
1812,-2562.0
1820,-2667.0
1832,-2528.0
1840,-3143.0
1853,-2600.0
1861,-2839.0
1873,-2634.0
1881,-2283.0
1893,-3242.0
1901,-2961.0
1913,-2800.0
1922,-2965.0
1930,-2662.0
1942,-2749.0
1950,-3000.0
1963,-2491.0
1972,-2772.0
1983,-2635.0
1992,-2176.0
2004,-2587.0
2012,-2492.0
2020,-2499.0
2032,-2498.0
2041,-2375.0
2053,-2262.0
2061,-1917.0
2073,-2772.0
2082,-2635.0
2094,-2344.0
2102,-2345.0
2110,-2360.0
2123,-2681.0
2131,-2504.0
2143,-2341.0
2151,-2480.0
2163,-2193.0
2171,-2618.0
2179,-2601.0
2192,-2636.0
2200,-2489.0
2213,-2700.0
2221,-2779.0
2233,-2476.0
2241,-2449.0
2254,-2328.0
2262,-2409.0
2270,-2748.0
2282,-2283.0
2291,-2336.0
2303,-2739.0
2311,-2118.0
2324,-2501.0
2331,-2394.0
2344,-2333.0
2352,-2342.0
2360,-2301.0
2372,-2332.0
2380,-2105.0
2393,-2232.0
2401,-2099.0
2413,-2114.0
2421,-2543.0
2434,-2198.0
2442,-2579.0
2450,-2576.0
2463,-1591.0
2471,-2282.0
2483,-1681.0
2491,-2060.0
2504,-1739.0
2511,-1886.0
2524,-2365.0
2532,-2132.0
2540,-1633.0
2552,-2202.0
2561,-2217.0
2573,-2272.0
2581,-1727.0
2593,-1656.0
2602,-1635.0
2614,-1608.0
2622,-2529.0
2635,-2068.0
2643,-1919.0
2651,-1728.0
2664,-1823.0
2672,-2382.0
2684,-1639.0
2692,-1456.0
2704,-1875.0
2712,-1346.0
2725,-1643.0
2732,-1762.0
2741,-1439.0
2753,-1722.0
2761,-1481.0
2774,-1792.0
2782,-1775.0
2794,-1254.0
2803,-1497.0
2815,-1560.0
2823,-1749.0
2831,-1634.0
2844,-1489.0
2852,-1986.0
2864,-1571.0
2872,-1840.0
2884,-2037.0
2893,-1588.0
2905,-2125.0
2913,-1090.0
2921,-1785.0
2933,-1728.0
2941,-1781.0
2954,-1802.0
2962,-1581.0
2975,-1464.0
2983,-1673.0
2991,-1640.0
3003,-1871.0
3012,-1628.0
3024,-1857.0
3032,-1702.0
3044,-1477.0
3052,-2150.0
3064,-1861.0
3073,-2414.0
3081,-1683.0
3093,-1432.0
3101,-1579.0
3113,-1372.0
3122,-1971.0
3134,-1640.0
3143,-1129.0
3155,-1982.0
3163,-1613.0
3171,-1510.0
3184,-1791.0
3192,-1416.0
3204,-1983.0
3212,-1244.0
3225,-1929.0
3233,-1604.0
3244,-1285.0
3253,-1662.0
3265,-1463.0
3273,-1408.0
3286,-1571.0
3294,-1560.0
3302,-1663.0
3314,-1612.0
3323,-1577.0
3335,-2134.0
3343,-1425.0
3355,-1660.0
3363,-1537.0
3376,-1582.0
3384,-1515.0
3392,-1636.0
3405,-2005.0
3413,-1484.0
3425,-1967.0
3433,-1646.0
3446,-1415.0
3454,-1902.0
3462,-1365.0
3474,-2084.0
3482,-1963.0
3494,-1662.0
3503,-1647.0
3515,-1794.0
3523,-1979.0
3535,-1652.0
3544,-1675.0
3552,-1918.0
3564,-1607.0
3572,-1826.0
3584,-1693.0
3593,-1748.0
3605,-2393.0
3613,-1992.0
3625,-2279.0
3634,-1832.0
3642,-1643.0
3654,-2234.0
3662,-1999.0
3675,-2694.0
3683,-2277.0
3695,-2298.0
3703,-2411.0
3715,-2588.0
3724,-2805.0
3732,-2468.0
3744,-2129.0
3752,-2790.0
3764,-2165.0
3773,-2916.0
3785,-2499.0
3793,-1970.0
3806,-2403.0
3814,-2362.0
3822,-2541.0
3835,-2606.0
3843,-2235.0
3855,-2788.0
3863,-2205.0
3875,-2652.0
3884,-2311.0
3892,-2154.0
3904,-2675.0
3912,-2262.0
3925,-2491.0
3933,-2488.0
3945,-2549.0
3953,-3024.0
3966,-2921.0
3974,-2850.0
3986,-3053.0
3995,-2964.0
4007,-3021.0
4015,-2862.0
4023,-2817.0
4036,-2928.0
4044,-3205.0
4055,-3688.0
4064,-3115.0
4076,-3384.0
4085,-2903.0
4097,-2934.0
4105,-3365.0
4113,-3480.0
4125,-3707.0
4134,-3296.0
4146,-3437.0
4154,-3984.0
4166,-3145.0
4175,-3686.0
4187,-3593.0
4195,-3360.0
4203,-3751.0
4216,-3142.0
4224,-3691.0
4236,-3522.0
4244,-3559.0
4256,-3674.0
4265,-3983.0
4273,-3630.0
4286,-3247.0
4293,-3298.0
4306,-4077.0
4314,-3450.0
4326,-3865.0
4334,-3698.0
4347,-3427.0
4355,-4434.0
4363,-3737.0
4375,-4034.0
4384,-3917.0
4396,-3436.0
4404,-3827.0
4416,-4146.0
4424,-3949.0
4436,-3858.0
4445,-3779.0
4453,-4236.0
4465,-3869.0
4474,-4038.0
4486,-4139.0
4494,-3672.0
4506,-4197.0
4514,-3912.0
4526,-4169.0
4535,-4196.0
4543,-3975.0
4555,-4486.0
4564,-4579.0
4576,-4286.0
4584,-4587.0
4596,-4324.0
4604,-4705.0
4617,-4726.0
4625,-4513.0
4637,-4470.0
4645,-4293.0
4657,-4818.0
4666,-4693.0
4674,-4692.0
4686,-4921.0
4695,-5058.0
4708,-5111.0
4716,-4900.0
4727,-4855.0
4735,-4698.0
4743,-4425.0
4756,-4940.0
4764,-4737.0
4777,-5046.0
4785,-5117.0
4797,-4878.0
4805,-5295.0
4818,-5232.0
4826,-5515.0
4834,-5254.0
4846,-5205.0
4855,-5474.0
4867,-5093.0
4875,-5354.0
4887,-5263.0
4895,-5106.0
4907,-5409.0
4916,-5094.0
4924,-5387.0
4937,-5308.0
4945,-5091.0
4957,-5370.0
4965,-5255.0
4978,-4944.0
4986,-5645.0
4998,-5282.0
5006,-5311.0
5014,-5116.0
5027,-5287.0
5035,-5250.0
5047,-5109.0
5056,-5214.0
5068,-5269.0
5076,-4774.0
5088,-5285.0
5097,-5194.0
5105,-5571.0
5117,-5406.0
5125,-5023.0
5137,-5292.0
5146,-4909.0
5158,-5572.0
5166,-5361.0
5174,-5102.0
5187,-5299.0
5195,-5160.0
5207,-5569.0
5215,-5322.0
5228,-5351.0
5236,-5418.0
5248,-5211.0
5256,-5638.0
5268,-5479.0
5277,-5146.0
5289,-5431.0
5297,-5464.0
5305,-5919.0
5318,-5678.0
5326,-5321.0
5338,-5758.0
5346,-5193.0
5358,-5784.0
5367,-5493.0
5379,-5310.0
5387,-5653.0
5395,-5774.0
5408,-5911.0
5416,-5912.0
5428,-5699.0
5436,-6150.0
5448,-5477.0
5457,-6218.0
5469,-6069.0
5477,-6356.0
5485,-6349.0
5498,-6328.0
5506,-6251.0
5518,-5864.0
5526,-6059.0
5539,-6482.0
5547,-6193.0
5555,-6666.0
5567,-6277.0
5576,-6148.0
5588,-6611.0
5596,-6656.0
5608,-6315.0
5616,-6140.0
5629,-6345.0
5637,-6616.0
5645,-6271.0
5657,-6904.0
5666,-6643.0
5678,-6342.0
5686,-6393.0
5698,-6362.0
5707,-6367.0
5719,-6660.0
5727,-6355.0
5735,-6524.0
5747,-6209.0
5756,-6418.0
5768,-6389.0
5776,-6268.0
5788,-6117.0
5797,-6258.0
5809,-6425.0
5817,-6164.0
5825,-6019.0
5838,-6778.0
5846,-6473.0
5858,-6688.0
5866,-6447.0
5878,-6210.0
5887,-6463.0
5899,-6402.0
5907,-7117.0
5915,-6812.0
5928,-6047.0
5936,-6774.0
5948,-6983.0
5956,-7044.0
5969,-6475.0
5977,-6276.0
5989,-7155.0
5997,-6390.0
6009,-6407.0
6018,-6592.0
6026,-6399.0
6038,-6432.0
6046,-6177.0
6059,-6666.0
6067,-6605.0
6079,-6914.0
6087,-6529.0
6100,-6606.0
6108,-6751.0
6116,-6538.0
6128,-6419.0
6137,-6776.0
6149,-6373.0
6157,-6784.0
6169,-6679.0
6177,-6624.0
6190,-6995.0
6198,-6284.0
6206,-6843.0
6218,-6430.0
6227,-6427.0
6239,-6856.0
6247,-6407.0
6259,-6856.0
6268,-6411.0
6280,-6240.0
6288,-6655.0
6296,-6316.0
6309,-6355.0
6317,-6416.0
6329,-5985.0
6337,-6642.0
6350,-6499.0
6358,-6364.0
6370,-6149.0
6378,-6002.0
6387,-6407.0
6399,-6246.0
6407,-6349.0
6419,-6644.0
6427,-5923.0
6440,-6312.0
6448,-6245.0
6456,-6016.0
6468,-5993.0
6476,-5872.0
6489,-6331.0
6497,-5956.0
6509,-6169.0
6518,-6080.0
6529,-6065.0
6537,-6462.0
6546,-6287.0
6558,-6240.0
6566,-6183.0
6578,-5652.0
6587,-6499.0
6599,-5708.0
6607,-6141.0
6619,-6042.0
6628,-6117.0
6637,-6008.0
6649,-5817.0
6661,-6280.0
6669,-6061.0
6678,-5748.0
6690,-6417.0
6698,-6242.0
6710,-6311.0
6719,-5968.0
6731,-5593.0
6739,-6460.0
6751,-5737.0
6759,-6118.0
6767,-6211.0
6780,-5630.0
6788,-6259.0
6800,-5998.0
6809,-6135.0
6821,-5978.0
6829,-5669.0
6837,-5712.0
6850,-5481.0
6857,-5436.0
6870,-5675.0
6878,-5418.0
6890,-6007.0
6898,-5664.0
6910,-5617.0
6919,-5590.0
6928,-5651.0
6940,-5846.0
6948,-5697.0
6960,-5708.0
6968,-5719.0
6980,-5184.0
6989,-5427.0
7001,-5484.0
7009,-5409.0
7017,-5612.0
7030,-5083.0
7038,-5714.0
7050,-5417.0
7058,-5320.0
7070,-5269.0
7079,-5010.0
7091,-5621.0
7099,-5074.0
7108,-5265.0
7120,-5106.0
7128,-5199.0
7140,-5274.0
7148,-4679.0
7161,-5196.0
7168,-5329.0
7181,-4984.0
7189,-5651.0
7197,-5086.0
7209,-5485.0
7217,-5226.0
7230,-5073.0
7238,-5254.0
7250,-5225.0
7258,-5220.0
7267,-4983.0
7279,-4840.0
7287,-5089.0
7299,-4808.0
7308,-4891.0
7320,-4794.0
7328,-5205.0
7341,-5618.0
7349,-5001.0
7361,-5098.0
7370,-5037.0
7382,-4750.0
7390,-5403.0
7398,-4620.0
7411,-4933.0
7419,-4854.0
7431,-4811.0
7439,-5320.0
7451,-4499.0
7459,-4630.0
7471,-4783.0
7479,-4522.0
7488,-4845.0
7500,-4556.0
7508,-4689.0
7520,-4908.0
7529,-4469.0
7542,-5234.0
7550,-4803.0
7562,-4592.0
7571,-4709.0
7578,-4420.0
7591,-4701.0
7599,-4624.0
7611,-4613.0
7619,-4900.0
7632,-4639.0
7640,-4866.0
7652,-4745.0
7660,-4604.0
7669,-4935.0
7681,-4918.0
7689,-4999.0
7701,-4672.0
7710,-4759.0
7722,-4932.0
7730,-4695.0
7738,-5084.0
7750,-5175.0
7759,-4894.0
7771,-4517.0
7779,-5054.0
7791,-5099.0
7800,-4756.0
7812,-4723.0
7820,-5230.0
7828,-5223.0
7840,-4992.0
7849,-4803.0
7861,-5090.0
7869,-5297.0
7881,-4948.0
7890,-5143.0
7902,-4980.0
7910,-5227.0
7918,-5114.0
7930,-4871.0
7939,-5682.0
7951,-5243.0
7959,-5546.0
7971,-5153.0
7980,-5068.0
7992,-5613.0
8000,-5012.0
8012,-5601.0
8020,-5534.0
8033,-5129.0
8041,-5948.0
8049,-5333.0
8062,-4938.0
8070,-5565.0
8082,-5038.0
8090,-5359.0
8103,-5226.0
8111,-4967.0
8119,-5450.0
8131,-4951.0
8140,-5644.0
8152,-5347.0
8160,-5002.0
8172,-5269.0
8180,-5322.0
8193,-5273.0
8201,-5238.0
8209,-5387.0
8221,-5664.0
8230,-4925.0
8242,-5546.0
8250,-5483.0
8262,-5024.0
8270,-5471.0
8282,-5112.0
8290,-5689.0
8299,-5568.0
8311,-5307.0
8319,-5418.0
8332,-5369.0
8340,-5448.0
8352,-5479.0
8361,-5312.0
8373,-6041.0
8381,-5562.0
8390,-6089.0
8402,-5588.0
8409,-5567.0
8465,-6044.0
8465,-5397.0
8466,-6090.0
8466,-5769.0
8467,-5410.0
8471,-6155.0
8479,-5354.0
8492,-6065.0
8499,-5942.0
8511,-5867.0
8520,-5978.0
8533,-5475.0
8541,-6222.0
8549,-5409.0
8562,-5484.0
8570,-5837.0
8582,-5350.0
8590,-5641.0
8602,-5582.0
8611,-5429.0
8623,-5388.0
8631,-5383.0
8639,-5660.0
8652,-5655.0
8664,-5042.0
8672,-5379.0
8680,-5480.0
8693,-5977.0
8701,-5356.0
8713,-5461.0
8721,-5990.0
8733,-5699.0
8742,-5902.0
8754,-5743.0
8762,-5592.0
8770,-6147.0
8783,-5596.0
8791,-5655.0
8803,-5830.0
8811,-5703.0
8824,-5792.0
8831,-5821.0
8843,-5874.0
8852,-5647.0
8861,-5732.0
8873,-6107.0
8881,-5862.0
8893,-6503.0
8901,-5904.0
8914,-5529.0
8922,-6178.0
8933,-5839.0
8942,-6038.0
8951,-5865.0
8963,-5822.0
8971,-5773.0
8983,-5908.0
8992,-6137.0
9004,-5834.0
9012,-5629.0
9020,-6312.0
9032,-5861.0
9040,-6026.0
9053,-5975.0
9061,-5640.0
9073,-6135.0
9081,-6136.0
9093,-6239.0
9101,-6486.0
9110,-5969.0
9122,-5766.0
9131,-6007.0
9143,-6376.0
9151,-5987.0
9163,-5986.0
9172,-6513.0
9184,-5970.0
9192,-6531.0
9200,-5924.0
9212,-6081.0
9221,-6628.0
9233,-6511.0
9241,-6440.0
9253,-6301.0
9261,-6138.0
9274,-6345.0
9282,-6326.0
9290,-6377.0
9302,-6332.0
9310,-6107.0
9323,-6570.0
9331,-5903.0
9344,-6216.0
9352,-5931.0
9364,-6458.0
9372,-6185.0
9384,-5840.0
9393,-6271.0
9401,-6512.0
9413,-6083.0
9421,-6856.0
9434,-7027.0
9442,-7078.0
9454,-6943.0
9462,-6896.0
9475,-7009.0
9483,-6992.0
9491,-7075.0
9503,-6824.0
9511,-6475.0
9524,-7086.0
9532,-6839.0
9544,-7054.0
9552,-6835.0
9564,-6888.0
9573,-7083.0
9581,-6952.0
9593,-7075.0
9601,-6788.0
9614,-6867.0
9622,-7332.0
9634,-6931.0
9643,-7450.0
9655,-7065.0
9663,-6674.0
9671,-6879.0
9684,-6934.0
9692,-7295.0
9704,-6760.0
9712,-6657.0
9724,-6958.0
9732,-7089.0
9744,-7190.0
9753,-6891.0
9761,-6634.0
9774,-7229.0
9782,-6618.0
9794,-7177.0
9802,-6892.0
9814,-6709.0
9823,-7074.0
9831,-6957.0
9844,-7270.0
9852,-7069.0
9864,-6514.0
9872,-7153.0
9884,-6904.0
9892,-6703.0
9905,-6992.0
9913,-6741.0
9921,-7270.0
9933,-7177.0
9942,-6804.0
9954,-7179.0
9962,-6784.0
9974,-7221.0
9983,-6472.0
9994,-6793.0
10003,-7044.0
10011,-6755.0
10023,-6824.0
10031,-6759.0
10044,-7020.0
10052,-6967.0
10064,-6604.0
10072,-6917.0
10085,-6478.0
10093,-6523.0
10105,-6778.0
10113,-6477.0
10125,-7114.0
10134,-6633.0
10142,-6886.0
10155,-6883.0
10163,-6984.0
10175,-6915.0
10183,-6860.0
10195,-7143.0
10203,-7002.0
10216,-6733.0
10224,-7204.0
10232,-6747.0
10245,-7296.0
10253,-6987.0
10265,-6970.0
10273,-6851.0
10285,-6378.0
10294,-6875.0
10302,-6486.0
10314,-6819.0
10322,-7324.0
10334,-6913.0
10343,-7182.0
10355,-7079.0
10363,-6950.0
10376,-7627.0
10384,-6926.0
10392,-6933.0
10404,-6584.0
10412,-6745.0
10425,-7642.0
10433,-7063.0
10446,-6954.0
10454,-7305.0
10465,-7090.0
10474,-6879.0
10482,-7168.0
10494,-6383.0
10502,-6844.0
10515,-6943.0
10523,-7496.0
10536,-6745.0
10544,-7194.0
10556,-7053.0
10564,-6688.0
10572,-7429.0
10584,-6932.0
10592,-6873.0
10605,-7200.0
10613,-6695.0
10625,-7200.0
10633,-6877.0
10642,-7004.0
10654,-7395.0
10662,-6900.0
10675,-6917.0
10683,-7038.0
10695,-6917.0
10703,-7046.0
10716,-6823.0
10724,-6952.0
10736,-7209.0
10744,-6720.0
10800,-7387.0
10800,-6968.0
10800,-7197.0
10800,-6834.0
10801,-6707.0
10806,-7094.0
10814,-6349.0
10826,-7048.0
10834,-6727.0
10846,-7038.0
10855,-7091.0
10863,-7116.0
10875,-7185.0
10884,-6730.0
10896,-6601.0
10904,-6948.0
10916,-6941.0
10924,-6874.0
10936,-7097.0
10945,-7094.0
10953,-7123.0
10965,-6640.0
10974,-7097.0
10986,-6956.0
10994,-7121.0
11006,-6988.0
11015,-6815.0
11027,-7764.0
11035,-6855.0
11043,-6794.0
11055,-7249.0
11063,-6796.0
11076,-7273.0
11085,-6430.0
11097,-6557.0
11105,-6894.0
11113,-6397.0
11126,-7468.0
11134,-6655.0
11146,-6716.0
11154,-7001.0
11166,-6478.0
11174,-7145.0
11187,-6906.0
11195,-6931.0
11203,-6882.0
11215,-6455.0
11224,-6758.0
11236,-7005.0
11244,-6628.0
11256,-6733.0
11264,-6604.0
11277,-7105.0
11285,-7020.0
11293,-6903.0
11305,-6964.0
11314,-6889.0
11326,-6952.0
11334,-6969.0
11346,-6950.0
11355,-6563.0
11367,-6632.0
11375,-7133.0
11384,-6866.0
11396,-6977.0
11408,-6892.0
11416,-6265.0
11424,-6952.0
11437,-6643.0
11445,-6660.0
11457,-6409.0
11466,-6988.0
11478,-6909.0
11486,-6652.0
11498,-6553.0
11507,-7058.0
11515,-6791.0
11526,-7132.0
11534,-6749.0
11546,-7252.0
11555,-7023.0
11567,-7108.0
11575,-7039.0
11584,-7094.0
11596,-6589.0
11604,-6686.0
11617,-6613.0
11625,-7094.0
11637,-7161.0
11645,-6666.0
11658,-7209.0
11666,-6508.0
11674,-7017.0
11686,-6990.0
11695,-6719.0
11707,-7012.0
11715,-7005.0
11727,-7094.0
11736,-6801.0
11748,-6546.0
11756,-7111.0
11764,-6550.0
11777,-6733.0
11785,-6790.0
11797,-7125.0
11805,-7350.0
11818,-6415.0
11826,-6636.0
11838,-6837.0
11846,-6918.0
11855,-7249.0
11867,-6992.0
11875,-6809.0
11887,-7074.0
11896,-6689.0
11908,-7018.0
11916,-6935.0
11924,-7062.0
11937,-6977.0
11945,-6744.0
11957,-7449.0
11965,-6798.0
11977,-7381.0
11986,-6956.0
11998,-6825.0
12006,-7154.0
12014,-6719.0
12027,-7058.0
12035,-6757.0
12047,-6296.0
12055,-7013.0
12068,-6640.0
12076,-6877.0
12088,-6926.0
12096,-6639.0
12108,-6740.0
12117,-6705.0
12129,-6820.0
12137,-6785.0
12145,-6262.0
12158,-6727.0
12166,-6726.0
12178,-6903.0
12186,-6710.0
12198,-6371.0
12207,-7052.0
12219,-6425.0
12227,-6668.0
12235,-6411.0
12248,-6276.0
12256,-6779.0
12268,-6648.0
12276,-6795.0
12289,-6758.0
12297,-6245.0
12309,-6684.0
12317,-6425.0
12326,-6466.0
12338,-6407.0
12346,-6268.0
12358,-6653.0
12366,-6422.0
12378,-6443.0
12387,-6770.0
12395,-6375.0
12407,-6800.0
12416,-6513.0
12428,-6960.0
12436,-7027.0
12448,-6564.0
12457,-6791.0
12469,-6076.0
12477,-6419.0
12485,-6764.0
12498,-6009.0
12506,-6794.0
12518,-6071.0
12526,-6654.0
12538,-6807.0
12547,-6654.0
12559,-6925.0
12567,-6826.0
12575,-6915.0
12588,-6502.0
12596,-6363.0
12608,-6588.0
12616,-6495.0
12629,-6752.0
12637,-6547.0
12649,-6398.0
12657,-6843.0
12666,-6594.0
12678,-6745.0
12686,-6592.0
12698,-6921.0
12706,-6694.0
12719,-6235.0
12727,-6710.0
12735,-6395.0
12747,-6482.0
12756,-6731.0
12768,-6342.0
12780,-6221.0
12788,-6530.0
12797,-6437.0
12809,-7010.0
12817,-6495.0
12829,-6626.0
12838,-6779.0
12850,-6350.0
12858,-7093.0
12866,-6838.0
12879,-6951.0
12887,-6892.0
12899,-6535.0
12907,-6950.0
12919,-6509.0
12928,-7082.0
12940,-6909.0
12948,-6372.0
12956,-6931.0
12969,-6556.0
12977,-6421.0
12989,-7060.0
12997,-6407.0
13010,-7024.0
13018,-6923.0
13030,-7050.0
13038,-6497.0
13046,-6672.0
13059,-6923.0
13067,-6732.0
13079,-6913.0
13087,-7006.0
13100,-6661.0
13108,-7128.0
13120,-6855.0
13129,-7222.0
13137,-6837.0
13149,-6878.0
13157,-7293.0
13169,-7142.0
13177,-6545.0
13189,-7010.0
13198,-6873.0
13206,-7054.0
13218,-6881.0
13226,-6780.0
13239,-6909.0
13247,-7044.0
13259,-7657.0
13267,-7088.0
13280,-6793.0
13288,-7062.0
13296,-6715.0
13308,-7530.0
13317,-7233.0
13329,-7582.0
13337,-7673.0
13349,-7042.0
13357,-7253.0
13370,-7116.0
13378,-7399.0
13386,-6994.0
13398,-7153.0
13407,-7578.0
13419,-6967.0
13427,-7268.0
13439,-7391.0
13447,-6724.0
13460,-7439.0
13468,-7534.0
13480,-6935.0
13488,-7120.0
13501,-6815.0
13509,-7484.0
13517,-7177.0
13529,-7282.0
13538,-7147.0
13550,-6888.0
13558,-7095.0
13570,-7186.0
13579,-7147.0
13591,-7320.0
13599,-6881.0
13607,-7656.0
13620,-6849.0
13628,-7010.0
13640,-7071.0
13648,-6960.0
13660,-7385.0
13668,-6974.0
13677,-6977.0
13689,-7314.0
13697,-6787.0
13709,-7398.0
13717,-7567.0
13730,-7344.0
13739,-7405.0
13751,-7072.0
13759,-7173.0
13767,-7102.0
13780,-7005.0
13788,-7310.0
13800,-7073.0
13808,-7396.0
13821,-7021.0
13829,-7032.0
13841,-7657.0
13849,-7260.0
13857,-7523.0
13870,-7512.0
13878,-7277.0
13890,-7384.0
13898,-7299.0
13911,-7264.0
13919,-7297.0
13931,-6918.0
13939,-7395.0
13948,-7166.0
13960,-7595.0
13968,-7394.0
13980,-7299.0
13989,-7854.0
14001,-7361.0
14009,-7510.0
14017,-7289.0
14029,-7142.0
14037,-7395.0
14050,-7002.0
14058,-7173.0
14070,-7152.0
14078,-7201.0
14091,-7018.0
14099,-7457.0
14107,-7470.0
14119,-7317.0
14128,-7058.0
14140,-7573.0
14148,-6592.0
14160,-7083.0
14168,-7046.0
14181,-6979.0
14189,-7122.0
14201,-7115.0
14209,-7178.0
14222,-7237.0
14230,-7048.0
14238,-6841.0
14250,-6526.0
14258,-6915.0
14270,-6878.0
14279,-6837.0
14291,-7238.0
14299,-7123.0
14311,-7230.0
14320,-6987.0
14328,-6684.0
14341,-7009.0
14349,-7072.0
14361,-7299.0
14369,-7146.0
14381,-7299.0
14390,-7252.0
14402,-6925.0
14410,-6912.0
14418,-7067.0
14431,-6692.0
14439,-7413.0
14451,-7050.0
14459,-7027.0
14472,-7110.0
14480,-6863.0
14488,-7016.0
14500,-6513.0
14509,-6760.0
14521,-6759.0
14529,-6962.0
14541,-7257.0
14549,-6844.0
14562,-7155.0
14570,-7102.0
14578,-6683.0
14590,-6806.0
14598,-6881.0
14611,-7340.0
14619,-7001.0
14631,-7076.0
14640,-7165.0
14652,-7010.0
14660,-7387.0
14668,-6720.0
14681,-6857.0
14689,-7440.0
14701,-6927.0
14709,-7100.0
14721,-6547.0
14730,-6474.0
14742,-6933.0
14750,-6492.0
14758,-7245.0
14771,-6566.0
14779,-6751.0
14791,-7114.0
14799,-6709.0
14811,-6988.0
14820,-6569.0
14832,-6634.0
14840,-6999.0
14852,-6772.0
14860,-7013.0
14872,-6912.0
14881,-6415.0
14889,-6858.0
14902,-6425.0
14910,-6756.0
14922,-7013.0
14930,-6538.0
14943,-6855.0
14951,-6706.0
14959,-6753.0
14971,-6844.0
14980,-6519.0
14992,-7102.0
15000,-6731.0
15012,-6792.0
15020,-6397.0
15033,-6756.0
15041,-6579.0
15049,-6294.0
15061,-6591.0
15069,-6666.0
15082,-6643.0
15090,-6612.0
15102,-6331.0
15110,-6886.0
15122,-6233.0
15130,-6416.0
15139,-7187.0
15151,-6342.0
15159,-6543.0
15171,-6244.0
15180,-6521.0
15193,-6842.0
15201,-6811.0
15213,-6528.0
15221,-6739.0
15229,-6170.0
15242,-6875.0
15250,-6206.0
15262,-6975.0
15270,-6622.0
15283,-6415.0
15291,-6754.0
15299,-6295.0
15311,-6886.0
15320,-6853.0
15332,-6038.0
15340,-6993.0
15352,-6210.0
15361,-6315.0
15373,-6490.0
15381,-6095.0
15389,-6790.0
15401,-6289.0
15409,-6304.0
15421,-6643.0
15429,-6646.0
15442,-6915.0
15450,-6358.0
15463,-6279.0
15471,-6474.0
15479,-6017.0
15492,-6250.0
15504,-6113.0
15512,-5890.0
15520,-6211.0
15533,-5910.0
15541,-6445.0
15553,-5888.0
15561,-6619.0
15573,-6288.0
15581,-5799.0
15594,-6602.0
15602,-5833.0
15610,-6252.0
15622,-6215.0
15630,-6108.0
15642,-6631.0
15651,-5744.0
15663,-6709.0
15671,-6614.0
15683,-6297.0
15691,-6270.0
15700,-6537.0
15713,-6720.0
15721,-6495.0
15733,-5782.0
15741,-6691.0
15753,-6008.0
15761,-6345.0
15769,-6206.0
15782,-6037.0
15790,-6526.0
15803,-6379.0
15811,-6270.0
15823,-6657.0
15831,-5722.0
15844,-5943.0
15852,-6070.0
15861,-6069.0
15872,-5890.0
15881,-5865.0
15893,-6254.0
15901,-5475.0
15913,-5650.0
15921,-5859.0
15934,-5492.0
15942,-6319.0
15950,-5802.0
15962,-5681.0
15971,-6110.0
15983,-5601.0
15991,-6328.0
16004,-5815.0
16012,-5670.0
16023,-6245.0
16032,-5768.0
16040,-6217.0
16052,-6088.0
16060,-5905.0
16073,-6202.0
16081,-5509.0
16094,-6048.0
16102,-5813.0
16110,-5972.0
16122,-5923.0
16130,-5532.0
16143,-6529.0
16151,-6030.0
16163,-5877.0
16171,-5872.0
16183,-5565.0
16191,-5786.0
16204,-5945.0
16212,-6008.0
16225,-5861.0
16233,-5648.0
16241,-5971.0
16253,-5702.0
16261,-5989.0
16274,-6382.0
16282,-5763.0
16294,-6258.0
16303,-5931.0
16315,-5878.0
16323,-5941.0
16331,-5854.0
16344,-6107.0
16352,-5766.0
16364,-5731.0
16372,-6070.0
16384,-5569.0
16392,-6096.0
16404,-5845.0
16413,-5866.0
16421,-5707.0
16433,-5376.0
16441,-5787.0
16454,-5654.0
16462,-5897.0
16474,-5850.0
16482,-5521.0
16495,-5824.0
16503,-5437.0
16511,-5466.0
16523,-5823.0
16531,-5410.0
16543,-5737.0
16552,-5398.0
16564,-5385.0
16572,-5888.0
16581,-5389.0
16594,-6114.0
16602,-5305.0
16614,-5326.0
16622,-5575.0
16634,-5422.0
16643,-5805.0
16655,-5824.0
16663,-5439.0
16671,-5538.0
16683,-5245.0
16691,-5770.0
16704,-5621.0
16712,-5498.0
16724,-5665.0
16732,-5262.0
16744,-5555.0
16753,-5646.0
16760,-5467.0
16773,-5576.0
16782,-5519.0
16794,-5986.0
16803,-5663.0
16814,-5398.0
16823,-5439.0
16835,-5544.0
16843,-5753.0
16855,-5336.0
16864,-5487.0
16876,-5748.0
16884,-5635.0
16892,-5876.0
16904,-5453.0
16912,-5776.0
16925,-5643.0
16933,-5188.0
16945,-5761.0
16954,-5348.0
16966,-5351.0
16974,-5668.0
16983,-5091.0
16995,-6146.0
17003,-5343.0
17014,-5534.0
17023,-5629.0
17035,-5142.0
17043,-5817.0
17051,-5578.0
17064,-5041.0
17072,-5548.0
17085,-5519.0
17093,-5644.0
17105,-5545.0
17113,-5458.0
17125,-5435.0
17134,-5086.0
17142,-5505.0
17154,-5354.0
17162,-5163.0
17175,-5198.0
17183,-5089.0
17195,-5472.0
17203,-5267.0
17216,-5184.0
17224,-5325.0
17232,-5166.0
17244,-5045.0
17253,-5094.0
17265,-5161.0
17273,-5424.0
17285,-5011.0
17293,-5728.0
17306,-5273.0
17314,-5118.0
17322,-5467.0
17334,-5446.0
17343,-5439.0
17355,-5062.0
17363,-5343.0
17375,-5304.0
17384,-4849.0
17392,-4976.0
17404,-5159.0
17412,-5204.0
17425,-5457.0
17433,-5392.0
17445,-5521.0
17453,-4996.0
17466,-5409.0
17474,-5328.0
17482,-5375.0
17495,-5620.0
17503,-5199.0
17515,-4964.0
17523,-5421.0
17535,-4892.0
17544,-5423.0
17555,-5400.0
17564,-5263.0
17576,-5570.0
17584,-5219.0
17597,-5446.0
17605,-5827.0
17613,-4846.0
17626,-5259.0
17634,-5426.0
17646,-5567.0
17654,-5216.0
17666,-4711.0
17674,-5344.0
17687,-5211.0
17694,-5190.0
17703,-5387.0
17715,-5080.0
17723,-5491.0
17735,-5080.0
17744,-5901.0
17756,-5154.0
17765,-5065.0
17777,-5508.0
17784,-4939.0
17793,-5348.0
17805,-5241.0
17814,-5172.0
17826,-5431.0
17834,-5198.0
17846,-5483.0
17855,-5648.0
17863,-5321.0
17875,-5400.0
17883,-5143.0
17895,-5446.0
17903,-5417.0
17915,-5252.0
17924,-5255.0
17937,-4964.0
17945,-5433.0
17953,-5182.0
17965,-5281.0
17974,-5534.0
17986,-5109.0
17994,-5456.0
18006,-5715.0
18015,-4950.0
18027,-5645.0
18035,-5334.0
18043,-5365.0
18056,-5402.0
18064,-5171.0
18077,-5816.0
18084,-5309.0
18096,-5480.0
18104,-5379.0
18116,-5408.0
18124,-5599.0
18133,-5354.0
18145,-5339.0
18153,-5590.0
18166,-5577.0
18174,-5528.0
18186,-4939.0
18194,-5648.0
18206,-5133.0
18215,-5300.0
18228,-5891.0
18236,-5600.0
18248,-5225.0
18256,-5260.0
18265,-5165.0
18277,-5424.0
18285,-5035.0
18297,-5332.0
18306,-5439.0
18318,-5038.0
18326,-5589.0
18334,-5332.0
18346,-5577.0
18354,-5630.0
18367,-5301.0
18375,-5542.0
18387,-5483.0
18396,-5126.0
18408,-4909.0
18416,-5278.0
18424,-5753.0
18436,-5462.0
18445,-5409.0
18457,-5080.0
18465,-5139.0
18477,-5586.0
18486,-5223.0
18498,-5290.0
18506,-5163.0
18514,-4968.0
18526,-5103.0
18534,-5106.0
18546,-5465.0
18555,-5144.0
18567,-5491.0
18575,-5274.0
18588,-5041.0
18596,-5454.0
18604,-5305.0
18616,-4746.0
18625,-5593.0
18637,-5398.0
18645,-5535.0
18658,-5338.0
18666,-5139.0
18674,-5532.0
18686,-5113.0
18694,-5590.0
18707,-5457.0
18715,-5134.0
18727,-5353.0
18735,-5464.0
18748,-5487.0
18756,-5586.0
18764,-4961.0
18776,-5652.0
18785,-5585.0
18797,-5736.0
18805,-5395.0
18817,-5264.0
18826,-5709.0
18838,-5758.0
18846,-5327.0
18854,-5074.0
18866,-4957.0
18875,-5612.0
18887,-5327.0
18896,-5172.0
18907,-5233.0
18916,-5280.0
18928,-5601.0
18936,-5286.0
18948,-5089.0
18957,-5282.0
18969,-4933.0
18977,-5646.0
18985,-5347.0
18997,-5432.0
19006,-5765.0
19017,-5526.0
19026,-5533.0
19038,-5794.0
19047,-5265.0
19059,-5286.0
19067,-5225.0
19075,-5568.0
19087,-4997.0
19095,-5402.0
19107,-5443.0
19116,-5072.0
19128,-5303.0
19136,-5406.0
19145,-5265.0
19157,-5514.0
19165,-5177.0
19178,-5730.0
19186,-5361.0
19198,-5472.0
19206,-5479.0
19218,-5554.0
19227,-5739.0
19235,-5576.0
19247,-5447.0
19255,-5774.0
19267,-5263.0
19275,-5864.0
19288,-5593.0
19296,-5832.0
19309,-5599.0
19317,-5572.0
19325,-6057.0
19337,-5710.0
19346,-5829.0
19358,-5884.0
19366,-5591.0
19378,-5922.0
19387,-5911.0
19399,-5542.0
19407,-5979.0
19415,-5458.0
19428,-6097.0
19436,-5664.0
19447,-6125.0
19456,-5666.0
19468,-5679.0
19476,-6152.0
19484,-5815.0
19497,-5696.0
19505,-5929.0
19517,-5538.0
19526,-6063.0
19538,-5710.0
19546,-5765.0
19558,-5742.0
19567,-5545.0
19575,-6034.0
19587,-6329.0
19599,-6042.0
19607,-5985.0
19616,-5674.0
19628,-5965.0
19636,-5934.0
19648,-5701.0
19657,-5832.0
19669,-5587.0
19677,-6008.0
19689,-5839.0
19698,-6022.0
19706,-5953.0
19718,-5312.0
19726,-6085.0
19739,-5594.0
19747,-5631.0
19759,-5676.0
19767,-5959.0
19780,-6070.0
19789,-5709.0
19795,-5364.0
19809,-5761.0
19817,-5444.0
19829,-5893.0
19837,-5516.0
19850,-5697.0
19858,-6074.0
19870,-5375.0
19878,-5704.0
19886,-5609.0
19898,-5732.0
19906,-5767.0
19918,-5106.0
19927,-6095.0
19939,-5704.0
19947,-5291.0
19955,-5944.0
19968,-5535.0
19976,-5858.0
19988,-5909.0
19996,-5548.0
20008,-5721.0
20017,-5428.0
20030,-5871.0
20038,-5754.0
20046,-5393.0
20058,-6142.0
20067,-5439.0
20079,-5700.0
20087,-5801.0
20099,-5590.0
20108,-5707.0
20120,-5806.0
20128,-5955.0
20136,-5772.0
20149,-5581.0
20157,-5960.0
20169,-5127.0
20177,-6288.0
20189,-6041.0
20198,-5370.0
20210,-5593.0
20218,-5458.0
20226,-5685.0
20239,-5490.0
20251,-5649.0
20259,-6118.0
20268,-5555.0
20280,-5792.0
20288,-5747.0
20300,-5784.0
20309,-5947.0
20320,-5794.0
20329,-5711.0
20341,-5826.0
20349,-5453.0
20357,-5766.0
20369,-5475.0
20377,-5512.0
20390,-5501.0
20398,-5346.0
20410,-5891.0
20419,-5696.0
20427,-5763.0
20439,-6048.0
20447,-5407.0
20460,-5634.0
20468,-5375.0
20480,-5470.0
20488,-5497.0
20500,-5010.0
20509,-5811.0
20517,-5592.0
20529,-5777.0
20537,-5476.0
20550,-5493.0
20558,-5758.0
20570,-5643.0
20578,-5722.0
20591,-5499.0
20599,-5516.0
20607,-6079.0
20619,-5602.0
20627,-5755.0
20640,-5576.0
20648,-5367.0
20660,-6066.0
20668,-5109.0
20680,-5392.0
20689,-5031.0
20698,-4822.0
20710,-5441.0
20718,-5176.0
20730,-5367.0
20738,-5494.0
20750,-4915.0
20759,-5222.0
20767,-5067.0
20779,-5244.0
20787,-5749.0
20800,-5092.0
20808,-5473.0
20820,-4824.0
20828,-5671.0
20841,-5444.0
20849,-5331.0
20857,-5260.0
20869,-5069.0
20877,-5550.0
20890,-5431.0
20898,-4962.0
20910,-5265.0
20918,-5460.0
20930,-5623.0
20939,-5692.0
20951,-5103.0
20959,-5818.0
20971,-5167.0
20980,-5132.0
20988,-4917.0
21000,-5050.0
21008,-5047.0
21021,-5064.0
21029,-4975.0
21041,-4904.0
21049,-4865.0
21061,-5248.0
21069,-5285.0
21078,-5312.0
21090,-5681.0
21099,-4960.0
21111,-5331.0
21119,-5150.0
21131,-4825.0
21140,-5020.0
21152,-5267.0
21160,-5384.0
21168,-4683.0
21180,-4786.0
21189,-5107.0
21201,-5016.0
21209,-5143.0
21221,-5010.0
21230,-5145.0
21238,-5266.0
21250,-5197.0
21258,-5370.0
21271,-4943.0
21279,-5272.0
21291,-5295.0
21299,-4492.0
21311,-5163.0
21320,-5124.0
21328,-5669.0
21340,-5194.0
21348,-4983.0
21361,-5054.0
21369,-4531.0
21381,-4700.0
21389,-5253.0
21401,-4938.0
21410,-5467.0
21418,-5094.0
21430,-4895.0
21438,-4958.0
21451,-4973.0
21459,-4886.0
21471,-4805.0
21479,-5048.0
21491,-4709.0
21500,-5002.0
21508,-4823.0
21520,-4920.0
21529,-4919.0
21540,-4518.0
21549,-4887.0
21561,-5256.0
21569,-4957.0
21577,-5114.0
21590,-4701.0
21598,-4808.0
21610,-5403.0
21623,-4676.0
21631,-5379.0
21639,-5354.0
21651,-4825.0
21660,-5552.0
21672,-4935.0
21680,-4798.0
21693,-5045.0
21701,-4844.0
21709,-4931.0
21721,-4856.0
21729,-4889.0
21742,-4812.0
21750,-4861.0
21762,-5172.0
21770,-4617.0
21783,-5242.0
21791,-4983.0
21799,-4712.0
21811,-4871.0
21820,-4868.0
21832,-4545.0
21840,-5042.0
21852,-5049.0
21861,-5288.0
21873,-4741.0
21881,-4818.0
21889,-4931.0
21901,-4750.0
21909,-5143.0
21922,-4808.0
21930,-4701.0
21942,-5136.0
21950,-4705.0
21962,-5122.0
21971,-4991.0
21979,-4800.0
21992,-5109.0
22000,-4708.0
22012,-5159.0
22021,-4724.0
22033,-4635.0
22041,-4816.0
22049,-4727.0
22061,-5104.0
22070,-4899.0
22082,-4734.0
22090,-4979.0
22102,-4932.0
22110,-5111.0
22123,-4882.0
22131,-4707.0
22139,-5006.0
22151,-4579.0
22160,-5032.0
22172,-4829.0
22180,-4742.0
22192,-4889.0
22200,-4996.0
22213,-4811.0
22221,-4394.0
22229,-4893.0
22242,-4728.0
22250,-4445.0
22262,-4866.0
22270,-4381.0
22282,-4736.0
22291,-4675.0
22303,-4808.0
22311,-4771.0
22323,-4600.0
22332,-5043.0
22344,-4954.0
22352,-4383.0
22360,-4772.0
22372,-4709.0
22381,-4468.0
22392,-4365.0
22401,-4640.0
22413,-4871.0
22422,-4470.0
22434,-4597.0
22442,-4852.0
22450,-4341.0
22463,-4744.0
22471,-4641.0
22483,-4018.0
22491,-4287.0
22503,-3976.0
22511,-4921.0
